{
  "mean": [
    2.860607862472534,
    0.6544160842895508,
    -0.25215983390808105,
    -0.33334994316101074,
    0.4174121022224426,
    -0.016559304669499397
  ],
  "std": [
    3.1970479488372803,
    3.923037528991699,
    5.483605861663818,
    1.635705828666687,
    1.6912689208984375,
    1.7666454315185547
  ]
}